1,A0001,adminPass123,0,1,John Doe,123-456-7890,johndoe@example.com,123 Main St,Jane Doe-987-654-3210,5,Admin,Admin,8000
1,A0002,adminPass456,0,1,Jane Smith,321-654-9870,janesmith@example.com,321 Maple St,John Smith-987-654-3210,4,Admin,Admin,8000
2,A0003,hrPass123,0,1,Alice Brown,234-567-8901,alice.brown@example.com,456 Oak St,Bob Brown-876-543-2109,3,HR Office,HR,5000
2,A0004,hrPass456,0,1,Bob White,567-890-1234,bob.white@example.com,789 Pine St,Alice White-765-432-1098,2,HR Office,HR,5000
3,A0005,deptMgrPass123,0,1,Carol Green,456-789-0123,carol.green@example.com,321 Cedar St,Dave Green-654-321-0987,2,Department Manager,IT,6000
4,A0007,payrollPass456,0,1,Eve Blue,789-012-3456,eve.blue@example.com,654 Spruce St,Frank Blue-432-109-8765,2,Payroll Officer,Payroll,5500
5,A0008,employeePass123,0,1,Frank Yellow,890-123-4567,frank.yellow@example.com,321 Willow St,Grace Yellow-321-987-6543,1,Employee,Marketing,3000
3,A0009,GOAT NO 1,0,1,Kuthire Savari,0128820192,tkri05@gmail.com,Jalan Klang Penang,999,3,Officer,Payroll,5000
3,Tarun Krishnan,123,0,1,Kuthire Savari,0128820192,tkri05@gmail.com,Jalan Klang Penang,999,3,Officer,Payroll,5000
